<?xml version='1.0' encoding='UTF-8'?>
<worldsens xmlns="http://worldsens.citi.insa-lyon.fr">


<!-- == Worldsens ===================================================== -->
<simulation nodes="1000" duration="20s" x="400" y="400" z="0"/>


<!-- == Entities ====================================================== -->


<!-- == PROPAGATION, INTERFERENCES and MODULATION ===================== -->
<entity name="range" library="propagation_range" >
  <init  range="30"/>
</entity>

<entity name="interf" library="interferences_orthogonal">
</entity>

<entity name="none" library="modulation_none">
</entity>

<!-- == RADIO and ANTENNA ============================================ -->

<entity name="omnidirectionnal" library="antenna_omnidirectionnal" >
  <default loss="0" angle-xy="random" angle-z="random"/>
</entity>

<entity name="radio" library="radio_half1d" >
  <default  sensibility="-92" T_s="727" dBm="10" channel="0" modulation="none"/>
</entity>

<!-- == MAC ===================================================== -->

<entity name="mac" library="mac_dcf_802_11" >
</entity>


<!-- == APPLICATION ===================================================== -->

<entity name="routing" library="routing_greedy" >
</entity>

<!-- == APPLICATION ===================================================== -->

<entity name="cbr" library="application_cbr" >
  <default period="1s" start="0" size="100" destination-x="random" destination-y="random" destination-z="random"/>
</entity>


<!-- == MOBILITY ===================================================== -->
<entity name="static" library="mobility_static" >
  <default x="random" y="random" z="random"/>
</entity>


<!-- == BATTERY ======================================================== -->

<entity name="battery" library="energy_linear" >
  <default energy="200000000" tx="2" rx="1"/>
</entity>


<!-- == Environment ===================================================== -->
<environment>
<propagation entity="range" range="30"/>
<interferences entity="interf"/>
<modulation entity="none"/>
</environment>


<!-- == Bundle ===================================================== -->

<bundle name="sensor" worldsens="false" default="true" birth="0">
  <mobility entity="static"/>

  <energy entity="battery"/> 

  <antenna entity="omnidirectionnal">
    <up entity="radio"/>
  </antenna>

  <with entity="radio">
    <up entity="mac"/>
    <down entity="omnidirectionnal"/>
  </with>

  <with entity="mac">
    <up entity="routing"/>
    <down entity="radio"/>
  </with>

  <with entity="routing">
    <up entity="cbr"/>
    <down entity="mac"/>
  </with>

  <with entity="cbr">
    <down entity="routing"/>
  </with>
</bundle>

<!-- == Nodes ===================================================== -->


</worldsens>
