<?xml version='1.0' encoding='UTF-8'?>
<worldsens xmlns="http://worldsens.citi.insa-lyon.fr">


<!-- == Worldsens ===================================================== -->
<simulation nodes="100" duration="50s" x="200" y="200" z="0"/>


<!-- == Entities ====================================================== -->


<!-- == PROPAGATION, INTERFERENCES and MODULATION ===================== -->
<entity name="propagation" library="propagation_rayleigh_fading" >
</entity>

<entity name="interf" library="interferences_orthogonal">
</entity>

<entity name="bpsk" library="modulation_bpsk">
</entity>

<!-- == RADIO and ANTENNA ============================================ -->

<entity name="omnidirectionnal" library="antenna_omnidirectionnal" >
</entity>

<entity name="radio" library="radio_half1d" >
  <default dBm="0" modulation="bpsk"/>
</entity>

<!-- == MAC ===================================================== -->

<entity name="mac" library="mac_dcf_802_11" >
</entity>


<!-- == APPLICATION ===================================================== -->

<entity name="routing" library="routing_greedy" >
</entity>

<!-- == APPLICATION ===================================================== -->

<entity name="cbr" library="application_cbr_v2" >
  <default period="1s" start="0" destination-x="random" destination-y="random" destination-z="random"/>
</entity>


<!-- == MOBILITY ===================================================== -->

<entity name="static" library="mobility_static" >
  <default x="random" y="random" z="random"/>
</entity>


<!-- == Environment ===================================================== -->
<environment>
<propagation entity="propagation" range="0"/>
<interferences entity="interf"/>
<modulation entity="bpsk"/>
</environment>


<!-- == Bundle ===================================================== -->

<bundle name="sensor" worldsens="false" default="true" birth="0">
  <mobility entity="static"/>

  <antenna entity="omnidirectionnal">
    <up entity="radio"/>
  </antenna>

  <with entity="radio">
    <up entity="mac"/>
    <down entity="omnidirectionnal"/>
  </with>

  <with entity="mac">
    <up entity="routing"/>
    <down entity="radio"/>
  </with>

  <with entity="routing">
    <up entity="cbr"/>
    <down entity="mac"/>
  </with>

  <with entity="cbr">
    <down entity="routing"/>
  </with>
</bundle>

<!-- == Nodes ===================================================== -->


</worldsens>
