<?xml version="1.0" encoding="UTF-8"?>
<worldsens xmlns="http://worldsens.citi.insa-lyon.fr">

<!-- == Worldsens ===================================================== -->
<simulation nodes="2" duration="20s" x="10" y="10" z="0"/>

<!-- == Entities ====================================================== -->

<!-- == PROPAGATION, INTERFERENCES and MODULATION ===================== -->
<entity name="free-space" library="propagation_freespace">
</entity>
<entity name="ortho" library="interferences_orthogonal">
</entity>
<entity name="none" library="modulation_none">
</entity>
<entity name="bpsk" library="modulation_bpsk">
</entity>
<entity name="collection_ctrl" library="environment_collection_ctrl">
  <init file="collection_ctrl.data" />
</entity>

<!-- == RADIO and ANTENNA ============================================ -->
<entity name="omnidirectionnal" library="antenna_omnidirectionnal">
  <default loss="0" angle-xy="random" angle-z="random"/>
</entity>

<entity name="radio" library="radio_half1d">
  <default sensibility="-111" T_s="8150" dBm="0" channel="0" modulation="none"/>
</entity>

<!-- == MAC ===================================================== -->
<entity name="mac" library="mac_bmac">
  <default cca="1" 
           busy-threshold="-74" 
           ack="0" 
           max-retrans="2"/>
</entity>

<!-- == APPLICATION ===================================================== -->
<entity name="dynamic" library="application_dynamic">
  <default start="0s" />
</entity>

<!-- == MOBILITY ===================================================== -->
<entity name="static-pos" library="mobility_static">
  <default x="random" y="random" z="random"/>
</entity>

<!-- == Environment ===================================================== -->
<environment>
  <propagation entity="free-space" range="3"/>
  <interferences entity="ortho"/>
  <modulation entity="bpsk"/>
  <with entity="collection_ctrl"/>
</environment>


<!-- == Bundle ===================================================== -->
<bundle name="sensor1" worldsens="false" default="true" birth="0">
  <mobility entity="static-pos"/>

  <antenna entity="omnidirectionnal">
    <up entity="radio"/>
  </antenna>

  <with entity="radio">
    <up entity="mac"/>
    <down entity="omnidirectionnal"/>
  </with>

  <with entity="mac">
    <up entity="dynamic"/>
    <down entity="radio"/>
  </with>

  <with entity="dynamic">
    <down entity="mac"/>
  </with>
</bundle>

<!-- == Nodes ===================================================== -->
<node id="0" as="sensor1">
  <for entity="static-pos" x="2" y="2" z="0" /> 
</node>

<node id="1" as="sensor1">
  <for entity="static-pos" x="4" y="2" z="0" /> 
</node>

</worldsens>
