<?xml version="1.0" encoding="UTF-8"?>
<worldsens xmlns="http://worldsens.citi.insa-lyon.fr">

<!-- == Worldsens ===================================================== -->
<simulation nodes="4" duration="20s" x="10" y="10" z="0"/>

<!-- == Entities ====================================================== -->

<!-- == PROPAGATION, INTERFERENCES and MODULATION ===================== -->
<entity name="free-space" library="propagation_freespace">
</entity>
<entity name="ortho" library="interferences_orthogonal">
</entity>
<entity name="bpsk" library="modulation_bpsk">
</entity>

<!-- == RADIO and ANTENNA ============================================ -->
<entity name="omnidirectionnal" library="antenna_omnidirectionnal">
  <default loss="0" angle-xy="random" angle-z="random"/>
</entity>

<entity name="radio" library="radio_half1d">
  <!-- T_s is the time in ns to send a symbol. For BPSK, the time to 
       send a symbol is the same as T_b, the time to send a bit. We 
       use T_s="8150" which means about 15ko/s on the channel. See:
       http://docs.tinyos.net/index.php/CC1100/CC2500 
  -->
  <default sensibility="-92" T_s="8150" dBm="0" channel="0" modulation="bpsk"/>
</entity>

<!-- == MAC ===================================================== -->
<entity name="mac" library="mac_bmac">
  <default cca="1" 
           busy-threshold="-74" 
           ack="0" 
           max-retrans="2"/>
  <!-- Other possible configuration options:      
           lpl-check="100ms" 
           init-back="1ms" 
           cong-back="1ms"
  -->
</entity>

<!-- == ROUTING ===================================================== -->
<entity name="routing" library="routing_geostatic">
  <default hop="32" 
           range="3" 
           random="2"/>
</entity>

<!-- == APPLICATION ===================================================== -->
<entity name="bmac-timedriven" library="application_bmac_app_sample">
  <default tx_period="1s" start="0s"/>
</entity>

<!-- == MOBILITY ===================================================== -->
<entity name="static-pos" library="mobility_static">
  <default x="random" y="random" z="random"/>
</entity>

<!-- == Environment ===================================================== -->
<environment>
  <propagation entity="free-space" range="3"/>
  <interferences entity="ortho"/>
  <modulation entity="bpsk"/>
</environment>


<!-- == Bundle ===================================================== -->
<bundle name="sensor1" worldsens="false" default="true" birth="0">
  <mobility entity="static-pos"/>

  <antenna entity="omnidirectionnal">
    <up entity="radio"/>
  </antenna>

  <with entity="radio">
    <up entity="mac"/>
    <down entity="omnidirectionnal"/>
  </with>

  <with entity="mac">
    <up entity="routing"/>
    <down entity="radio"/>
  </with>

  <with entity="routing">
    <up entity="bmac-timedriven"/>
    <down entity="mac"/>
  </with>


  <with entity="bmac-timedriven">
    <down entity="routing"/>
  </with>
</bundle>

<!-- == Nodes ===================================================== -->
<node id="0" as="sensor1">
  <for entity="static-pos" x="2" y="4" z="0" /> 
  <for entity="bmac-timedriven" tx_period="500ms" start="260ms" random_start="1" stop="15s" dst="3"/> 
</node>

<node id="1" as="sensor1">
  <for entity="static-pos" x="4" y="2" z="0" /> 
  <for entity="bmac-timedriven" tx_period="0s" /> 
</node>

<node id="2" as="sensor1">
  <for entity="static-pos" x="4" y="6" z="0" /> 
  <for entity="bmac-timedriven" tx_period="0s" /> 
</node>

<node id="3" as="sensor1">
  <for entity="static-pos" x="6" y="4" z="0" /> 
  <for entity="bmac-timedriven" tx_period="0s" /> 
</node>

</worldsens>
