<?xml version='1.0' encoding='UTF-8'?>
<worldsens xmlns="http://worldsens.citi.insa-lyon.fr">


<!-- == Worldsens ===================================================== -->
<simulation nodes="2000" duration="50s" x="400" y="400" z="0"/>


<!-- == Entities ====================================================== -->


<!-- == PROPAGATION, INTERFERENCES and MODULATION ===================== -->
<entity name="range" library="propagation_range" >
  <init  range="30"/>
</entity>

<entity name="interf" library="interferences_orthogonal">
</entity>

<entity name="none" library="modulation_none">
</entity>

<!-- == RADIO and ANTENNA ============================================ -->
<entity name="omnidirectionnal" library="antenna_omnidirectionnal" >
  <default loss="0" angle-xy="random" angle-z="random"/>
</entity>

<entity name="radio" library="radio_half1d" >
  <default  sensibility="-92" T_s="727" dBm="10" channel="0" modulation="none"/>
</entity>

<!-- == MAC ===================================================== -->
<entity name="mac" library="mac_dcf_802_11" >
</entity>

<!-- == APPLICATION ===================================================== -->
<entity name="ght_sensor" library="application_ght_sensor" >
<default hello-period="6s" hello-timeout="13s"/>
</entity>

<entity name="source" library="application_data_d_source" >
<default data-start="10s"/>
</entity>

<entity name="sink" library="application_data_d_sink" >
  <init logfile="./sink.log"/>
  <default request-start="10s"/>
</entity>

<!-- == MOBILITY ===================================================== -->
<entity name="billiard" library="mobility_billiard" >
  <init  max-speed="50"/>
  <default x="random" y="random" z="random" speed="10" angle-xy="random" angle-z="random"/>
</entity>

<entity name="static" library="mobility_static" >
  <default x="random" y="random" z="random"/>
</entity>

<!-- == Environment ===================================================== -->
<environment>
<propagation entity="range" range="30"/>
<interferences entity="interf"/>
<modulation entity="none"/>
</environment>


<!-- == Bundle ===================================================== -->
<bundle name="sensor" worldsens="false" default="true" birth="0">
  <mobility entity="static"/>

  <antenna entity="omnidirectionnal">
    <up entity="radio"/>
  </antenna>

  <with entity="radio">
    <up entity="mac"/>
    <down entity="omnidirectionnal"/>
  </with>

  <with entity="mac">
    <up entity="ght_sensor"/>
    <down entity="radio"/>
  </with>

  <with entity="ght_sensor">
    <down entity="mac"/>
  </with>

</bundle>

<bundle name="source" worldsens="false" default="false" birth="0">
  <mobility entity="billiard"/>

  <antenna entity="omnidirectionnal">
    <up entity="radio"/>
  </antenna>

  <with entity="radio">
    <up entity="mac"/>
    <down entity="omnidirectionnal"/>
  </with>

  <with entity="mac">
    <up entity="source"/>
    <down entity="radio"/>
  </with>

  <with entity="source">
    <down entity="mac"/>
  </with>

</bundle>

<bundle name="sink" worldsens="false" default="false" birth="0">
  <mobility entity="billiard"/>

  <antenna entity="omnidirectionnal">
    <up entity="radio"/>
  </antenna>

  <with entity="radio">
    <up entity="mac"/>
    <down entity="omnidirectionnal"/>
  </with>

  <with entity="mac">
    <up entity="sink"/>
    <down entity="radio"/>
  </with>

  <with entity="sink">
    <down entity="mac"/>
  </with>

</bundle>


<!-- == Nodes ===================================================== -->

<node id="100" as="source"/>
<node id="50" as="sink"/>


</worldsens>
