<?xml version='1.0' encoding='UTF-8'?>
<worldsens xmlns="http://worldsens.citi.insa-lyon.fr">


<!--=================================================================== -->
<!-- Example of configuration file for worldsens use (WSim + WSNet)     -->
<!-- with 2 WSim nodes (same WSNet configuration on each node).         -->
<!-- You may find help to customize your configuration file at          -->
<!-- http://wsim.gforge.inria.fr/tutorials/wsim-wsnet/index.html        -->
<!-- on WSim website.                                                   -->
<!--=================================================================== -->


<!-- == Worldsens ===================================================== -->
<simulation nodes="2" x="100" y="100" z="100"/>

<!-- == Entities ===================================================== -->
<entity name="interf" library="interferences_orthogonal">
</entity>

<entity name="range" library="propagation_range" >
  <init  range="30"/>
</entity>

<entity name="none" library="modulation_none">
</entity>

<entity name="billiard" library="mobility_billiard" >
<init  max-speed="30"/>
<default x="random" y="random" z="random" speed="random" angle-xy="random" angle-z="random"/>
</entity>

<entity name="omnidirectionnal" library="antenna_omnidirectionnal" >
</entity>

<entity name="fire" library="environment_fire" >
<init  start="5000000000" refresh="100000000" speed="0" x="random" y="random" z="random" heat="10"/>
</entity>

<!-- == Environment ===================================================== -->
<environment>
<propagation entity="range"/>
<interferences entity="interf"/>
<modulation entity="none"/>
<with entity="fire"/>
</environment>

<!-- == Bundle ===================================================== -->
<bundle name="billiard" worldsens="true" default="true" birth="0">
  <mobility entity="billiard"/>
  <antenna entity="omnidirectionnal"/>
</bundle>

</worldsens>
