<?xml version='1.0' encoding='UTF-8'?>
<worldsens xmlns="http://worldsens.citi.insa-lyon.fr">


<!-- == Worldsens ===================================================== -->
<simulation nodes="2000" duration="500s" x="500" y="500" z="0"/>


<!-- == Entities ====================================================== -->


<!-- == PROPAGATION, INTERFERENCES and MODULATION ===================== -->
<entity name="range" library="propagation_range" >
  <init  range="40"/>
</entity>

<entity name="interf" library="interferences_none">
</entity>

<entity name="none" library="modulation_none">
</entity>

<!-- == RADIO and ANTENNA ============================================ -->
<entity name="omnidirectionnal" library="antenna_omnidirectionnal" >
  <default loss="0" angle-xy="random" angle-z="random"/>
</entity>

<entity name="radio" library="radio_half1d" >
  <default  modulation="none"/>
</entity>

<!-- == MAC ===================================================== -->
<entity name="mac" library="mac_dcf_802_11" >
</entity>

<!-- == APPLICATION ===================================================== -->

<entity name="sensor" library="application_xy_sensor" >
<default hello-start="0" hello-period="1s" hello-timeout="4s"/>
</entity>

<entity name="data_source" library="application_data_d_source" >
<default data-start="5s" data-period="2s" metadata="1"/>
</entity>

<entity name="data_sink" library="application_data_d_sink" >
<default request-start="5s" request-period="2s" metadata="1"/>
</entity>


<!-- == MOBILITY ===================================================== -->
<entity name="static" library="mobility_static" >
  <default x="random" y="random" z="random"/>
</entity>

<entity name="mobile" library="mobility_billiard" >
  <init max-speed="40" />
  <default x="random" y="random" z="0" speed="30"/>
</entity>


<!-- == Environment ===================================================== -->
<environment>
<propagation entity="range" range="40"/>
<interferences entity="interf"/>
<modulation entity="none"/>
</environment>


<!-- == Bundle ===================================================== -->
<bundle name="sensor" worldsens="false" default="true" birth="0">
  <mobility entity="static"/>

  <antenna entity="omnidirectionnal">
    <up entity="radio"/>
  </antenna>

  <with entity="radio">
    <up entity="mac"/>
    <down entity="omnidirectionnal"/>
  </with>

  <with entity="mac">
    <up entity="sensor"/>
    <down entity="radio"/>
  </with>

  <with entity="sensor">
    <down entity="mac"/>
  </with>

</bundle>

<bundle name="source" worldsens="false" default="false" birth="0">
  <mobility entity="mobile"/>

  <antenna entity="omnidirectionnal">
    <up entity="radio"/>
  </antenna>

  <with entity="radio">
    <up entity="mac"/>
    <down entity="omnidirectionnal"/>
  </with>

  <with entity="mac">
    <up entity="data_source"/>
    <down entity="radio"/>
  </with>

  <with entity="data_source">
    <down entity="mac"/>
  </with>

</bundle>

<bundle name="sink" worldsens="false" default="false" birth="0">
  <mobility entity="mobile"/>

  <antenna entity="omnidirectionnal">
    <up entity="radio"/>
  </antenna>

  <with entity="radio">
    <up entity="mac"/>
    <down entity="omnidirectionnal"/>
  </with>

  <with entity="mac">
    <up entity="data_sink"/>
    <down entity="radio"/>
  </with>

  <with entity="data_sink">
    <down entity="mac"/>
  </with>

</bundle>

<node id="0" as="source"/>
<node id="1" as="sink"/>


</worldsens>
