<?xml version='1.0' encoding='UTF-8'?>
<worldsens xmlns="http://worldsens.citi.insa-lyon.fr">

<!-- == Worldsens ===================================================== -->
<simulation nodes="10" duration="1000s" x="100" y="100" z="0"/>


<!-- == Entities ===================================================== -->
<entity name="none" library="modulation_none">
</entity>

<entity name="interf" library="interferences_orthogonal">
</entity>

<entity name="range" library="propagation_range" >
<init  range="60"/>
</entity>

<entity name="billiard" library="mobility_billiard" >
<init  max-speed="5"/>
</entity>

<entity name="omnidirectionnal" library="antenna_omnidirectionnal" >
</entity>

<entity name="radio" library="radio_half1d" >
  <default T_b="1" dBm="10" channel="0" modulation="none"/>
</entity>

<entity name="cbr" library="application_cbr" >
  <default period="1s" start="0" size="100" destination-x="random" destination-y="random" destination-z="random"/>
</entity>

<entity name="mac" library="mac_dcf_802_11" >
</entity>

<entity name="routage" library="routing_greedy" >
</entity>

<entity name="monitor" library="monitor_nrj" >
  <init directory="./log-cbr/" map-period="1s"/>
</entity>

<entity name="battery" library="energy_linear" >
  <default energy="20000000" tx="2" rx="1"/>
</entity>


<!-- == Environment ===================================================== -->
<environment>
<propagation entity="range" range="400"/>
<interferences entity="interf"/>
<monitoring entity="monitor"/>
<modulation entity="none"/>
</environment>

<!-- == Bundle ===================================================== -->
<bundle name="sensor" worldsens="false" default="true" birth="0">
  <mobility entity="billiard"/>

  <energy entity="battery"/> 

  <antenna entity="omnidirectionnal">
    <up entity="radio"/>
  </antenna>

  <with entity="radio">
    <up entity="mac"/>
    <down entity="omnidirectionnal"/>
  </with>

  <with entity="mac">
    <up entity="routage"/>
    <down entity="radio"/>
  </with>

  <with entity="routage">
    <up entity="cbr"/>
    <down entity="mac"/>
  </with>

  <with entity="cbr">
    <down entity="routage"/>
  </with>
</bundle>


</worldsens>
