<?xml version='1.0' encoding='UTF-8'?>
<worldsens xmlns="http://worldsens.citi.insa-lyon.fr">


<!-- == Worldsens ===================================================== -->
<simulation nodes="1000" duration="200s" x="400" y="400" z="0"/>


<!-- == Entities ===================================================== -->

<!-- == PROPAGATION, INTERFERENCES and MODULATION ============================================ -->
<entity name="range" library="propagation_range" >
  <init  range="30"/>
</entity>

<entity name="friis" library="propagation_range" >
</entity>

<entity name="interf" library="interferences_orthogonal">
</entity>

<entity name="whitenoise" library="noise_white">
<init white-noise-mW="0.0000000001"/>
</entity>

<entity name="none" library="modulation_none">
</entity>

<entity name="step" library="modulation_step">
</entity>

<entity name="bpsk" library="modulation_bpsk">
</entity>

<!-- == RADIO and ANTENNA ============================================ -->
<entity name="omnidirectionnal1" library="antenna_omnidirectionnal" >
  <default loss="0" angle-xy="random" angle-z="random"/>
</entity>
<entity name="omnidirectionnal2" library="antenna_omnidirectionnal" >
  <default loss="0" angle-xy="random" angle-z="random"/>
</entity>

<entity name="radio" library="radio_half1d" >
  <default  sensibility="-92" dBm="10" channel="0" modulation="step"/>
</entity>

<!-- == MAC ===================================================== -->
<entity name="mac" library="mac_802_15_4_868_bpsk_u_csma_ca" >
</entity>

<!-- == APPLICATION ===================================================== -->
<entity name="gossip_sensor" library="application_gossip_sensor" >
</entity>

<entity name="ght_sensor" library="application_ght_sensor" >
<default hello-period="1s" hello-timeout="3s"/>
</entity>

<entity name="source" library="application_data_d_source" >
<default data-start="10s"/>
</entity>

<entity name="sink" library="application_data_d_sink" >
  <init logfile="./log-ght/sink.log"/>
  <default request-start="10s"/>
</entity>

<!-- == MOBILITY ===================================================== -->
<entity name="billiard" library="mobility_billiard" >
  <init  max-speed="50"/>
  <default x="random" y="random" z="random" speed="10" angle-xy="random" angle-z="random"/>
</entity>

<entity name="static" library="mobility_static" >
  <default x="random" y="random" z="random"/>
</entity>

<!-- == MONITOR ===================================================== -->
<entity name="monitor" library="monitor_nrj" >
  <init directory="./log-ght/" map-period="1s"/>
</entity>

<!-- == ENERGY ===================================================== -->
<entity name="battery" library="energy_linear" >
  <default energy="50000000" tx="10" rx="0"/>
</entity>


<!-- == Environment ===================================================== -->
<environment>
<propagation entity="range" range="100"/>
<interferences entity="interf"/>
<monitoring entity="monitor"/>
<modulation entity="none"/>
<modulation entity="step"/>
<modulation entity="bpsk"/>
</environment>


<!-- == Bundle ===================================================== -->
<bundle name="sensor" worldsens="false" default="true" birth="0">
  <mobility entity="static"/>
  <energy entity="battery"/> 

  <antenna entity="omnidirectionnal">
    <up entity="radio"/>
  </antenna>

  <with entity="radio">
    <up entity="mac"/>
    <down entity="omnidirectionnal"/>
  </with>

  <with entity="mac">
    <up entity="ght_sensor"/>
    <down entity="radio"/>
  </with>

  <with entity="ght_sensor">
    <down entity="mac"/>
  </with>

</bundle>

<bundle name="source" worldsens="false" default="false" birth="0">
  <mobility entity="billiard"/>

  <antenna entity="omnidirectionnal">
    <up entity="radio"/>
  </antenna>

  <with entity="radio">
    <up entity="mac"/>
    <down entity="omnidirectionnal"/>
  </with>

  <with entity="mac">
    <up entity="source"/>
    <down entity="radio"/>
  </with>

  <with entity="source">
    <down entity="mac"/>
  </with>

</bundle>

<bundle name="sink" worldsens="false" default="false" birth="0">
  <mobility entity="billiard"/>

  <antenna entity="omnidirectionnal">
    <up entity="radio"/>
  </antenna>

  <with entity="radio">
    <up entity="mac"/>
    <down entity="omnidirectionnal"/>
  </with>

  <with entity="mac">
    <up entity="sink"/>
    <down entity="radio"/>
  </with>

  <with entity="sink">
    <down entity="mac"/>
  </with>

</bundle>


<!-- == Nodes ===================================================== -->
<node id="100" as="source"/>
<node id="50" as="sink"/>


</worldsens>
