<?xml version='1.0' encoding='UTF-8'?>
<worldsens xmlns="http://worldsens.citi.insa-lyon.fr">

<!-- == Worldsens ===================================================== -->
<simulation nodes="20" duration="20s" x="100" y="100" z="0"/>

<!-- == Entities ===================================================== -->
<entity name="none" library="modulation_none">
</entity>

<entity name="interf" library="interferences_orthogonal">
</entity>

<entity name="range" library="propagation_range" >
<init  range="300"/>
</entity>

<entity name="file" library="mobility_filestatic" >
<init  file="mobility.log"/>
</entity>

<entity name="billiard" library="mobility_billiard" >
<init  max-speed="30"/>
<default x="random" y="random" z="random" speed="random" angle-xy="random" angle-z="random"/>
</entity>

<entity name="torus-central" library="mobility_torus_central" >
<init  max-speed="30"/>
<default x="random" y="random" z="random" speed="random" angle-xy="random" angle-z="random"/>
</entity>

<entity name="torus-plane" library="mobility_torus_plane" >
<init  max-speed="30"/>
<default x="random" y="random" z="random" speed="random" angle-xy="random" angle-z="random"/>
</entity>

<entity name="omnidirectionnal" library="antenna_omnidirectionnal" >
<default loss="-92" angle-xy="random" angle-z="random"/>
</entity>

<entity name="fire" library="environment_fire" >
<init  start="5000000000" refresh="100000000" speed="10" x="random" y="random" z="random" heat="10"/>
</entity>

<entity name="radio" library="radio_half1d" >
  <default  sensibility="-90" S_B="1" T_S="727" dBm="10" channel="0" modulation="none"/>
</entity>

<entity name="cbr" library="application_cbr" >
  <default period="1s" start="0" destination="random" size="10000"/>
</entity>

<entity name="mac" library="mac_dcf_802_11" >
</entity>


<!-- == Environment ===================================================== -->
<environment>
<propagation entity="range" range="400"/>
<interferences entity="interf"/>
<modulation entity="none"/>
<with entity="fire"/>
</environment>

<!-- == Bundle ===================================================== -->
<bundle name="sensor" worldsens="false" default="true" birth="0">
  <mobility entity="billiard"/>

  <antenna entity="omnidirectionnal">
    <up entity="radio"/>
  </antenna>
  <with entity="radio">
    <up entity="mac"/>
    <down entity="omnidirectionnal"/>
  </with>
  <with entity="cbr">
    <down entity="mac"/>  
  </with>
  <with entity="mac">
    <up entity="cbr"/>
    <down entity="radio"/>
  </with>
</bundle>

</worldsens>
